source,query,title,year,venue,citation_count,relevance_score,include_guess,doi,paper_url,semantic_open_pdf,pdf_url,pdf_file,download_status,is_open_access,abstract,label
Google Scholar (SerpAPI),"""interaction analysis"" video visualization qualitative",A case study using visualization interaction logs and insight metrics to understand how analysts arrive at insights,2015,"Hua Guo, Steven R. Gomez, Caroline Ziemkiewicz, D. Laidlaw - IEEE Transactions on Visualization and Computer Graphics",155,27,Exclude,10.1109/TVCG.2015.2467613,https://ieeexplore.ieee.org/abstract/document/7192662/,,,/Users/zezhongwang/Downloads/VIS-Method/papers/A Case Study Using Visualization Interaction Logs and Insight Metrics to Understand How Analysts Arrive at Insights.pdf,downloaded,False,"… these findings using a qualitative analysis of video captured during the user … the qualitative review. In Section 3, we describe the quantitative and qualitative stages of interaction analysis…",Keyword-26Mar14
Google Scholar (SerpAPI),"""interaction analysis"" video visualization qualitative",Turn charts for interaction analysis: Visually mapping the conversation floor,2024,"Benjamin R. Shapiro, Rogers Hall, Arpit Mathur, Edwin Zhao - Proceedings of the International Conference of the Learning Sciences",5,27,Maybe,10.22318/icls2024.311167,https://repository.isls.org/handle/1/11121,,https://repository.isls.org/bitstream/1/11121/1/ICLS2024_43-50.pdf,/Users/zezhongwang/Downloads/VIS-Method/papers/2024 - Turn charts for interaction analysis_ Visually mapping the conversation floor.pdf,downloaded,True,… visualization platform that will also share several other kinds of qualitative transcription and visualization … This platform will allow researchers and practitioners to load video and/or …,Keyword-26Mar14
Google Scholar (SerpAPI),"""interaction analysis"" video visualization qualitative",Interactive transcription techniques for interaction analysis,2022,"Arpit Mathur, Ben Rydal Shapiro - Proceedings of the 16th International Conference of the Learning Sciences",3,27,Maybe,,https://repository.isls.org/handle/1/8993,,https://repository.isls.org/bitstream/1/8993/1/ICLS2022_19-26.pdf,/Users/zezhongwang/Downloads/VIS-Method/papers/2022 - Interactive transcription techniques for interaction analysis.pdf,downloaded,True,"… interaction analysis as well as relevant visualization theories. Subsequently, we describe the video … as well as our recent efforts to expand alternative visualization theories for qualitative …",Keyword-26Mar14
Google Scholar (SerpAPI),"""interaction analysis"" video visualization qualitative",Exploratory visual analysis of transcripts for interaction analysis in human-computer interaction,2025,"Ben Rydal Shapiro, Rogers Hall, Arpit Mathur, Edwin Zhao - Proceedings of the 2025 CHI Conference on Human Factors in Computing Systems",2,27,Maybe,10.1145/3706598.3713490,https://dl.acm.org/doi/abs/10.1145/3706598.3713490,,,/Users/zezhongwang/Downloads/VIS-Method/papers/Exploratory Visual Analysis of Transcripts for Interaction Analysis in Human-Computer Interaction.pdf,downloaded,False,"… visualization system that integrates three visualization techniques we have developed to interactively visualize transcripts linked to videos: … Second, we present fndings from a qualitative …",Keyword-26Mar14
Google Scholar (SerpAPI),"""interaction analysis"" video visualization qualitative",Visualization as theory and experience: interactive qualitative data visualization for the learning sciences,2025,"BR Shapiro, D Silvis, R Hall - Journal of the Learning Sciences, 2025 - Taylor & Francis",2,27,Maybe,,https://www.tandfonline.com/doi/abs/10.1080/10508406.2025.2537945,,,/Users/zezhongwang/Downloads/VIS-Method/papers/Visualization as theory and experience  interactive qualitative data visualization for the learning sciences.pdf,downloaded,False,… visualization tools we designed to support IA that offer different framings of video as qualitative … characterize how these interactive visualizations advance interaction analysis (IA) by (1) …,Keyword-26Mar14
Google Scholar (SerpAPI),"""interaction analysis"" video visualization qualitative",Qualitative analysis of visualization: A building design field study,2008,"Melanie Tory, Sheryl Staub-French - Proceedings of the 2008 Workshop on BEyond time and errors: novel evaLuation methods for Information Visualization",61,25,Exclude,10.1145/1377966.1377975,https://dl.acm.org/doi/abs/10.1145/1377966.1377975,,,/Users/zezhongwang/Downloads/VIS-Method/papers/2008 - Qualitative analysis of visualization_ A building design field study.pdf,downloaded,False,… [19] used an open-coding approach to video analysis to identify collaboration strategies with map and network visualizations. Our current study uses similar qualitative video analysis …,Keyword-26Mar14
Google Scholar (SerpAPI),"""interaction analysis"" video visualization qualitative",Explanatory Videos in the Context of Learning Processes: An Interdisciplinary Interpretative Interaction Analysis of Production and Reflection Processes.,2024,"TE Kuzu, C Ratzke - Journal of Pedagogical Research, 2024 - ERIC",8,23,Exclude,,https://eric.ed.gov/?id=EJ1427927,,https://files.eric.ed.gov/fulltext/EJ1427927.pdf,/Users/zezhongwang/Downloads/VIS-Method/papers/2024 - Explanatory Videos in the Context of Learning Processes_ An Interdisciplinary Interpretative Interaction Analysis of Production and Reflection Processes..pdf,downloaded,True,"… and an interpretative qualitative research design, teachers’ reflections of explanatory videos … In Figure 2, the method of interpretative Interaction analysis is visualized with references to …",Keyword-26Mar14
Google Scholar (SerpAPI),"""interaction analysis"" video visualization qualitative",Giant: Visualizing group interaction at large wall displays,2017,"Ulrich von Zadow, Raimund Dachselt - Proceedings of the 2017 CHI Conference on Human Factors in Computing Systems",23,22,Include,10.1145/3025453.3026006,https://dl.acm.org/doi/abs/10.1145/3025453.3026006,,,/Users/zezhongwang/Downloads/VIS-Method/papers/GIAnT Visualizing Group Interaction at Large Wall Displays.pdf,downloaded,False,"… Group Interaction Analysis Toolkit GIAnT, which provides a rich set of visualizations supporting … -up, we could have used additional targeted video coding, eg, to gather quantitative data. …",Keyword-26Mar14
Google Scholar (SerpAPI),"video ""temporal visualization"" action sequence qualitative","What HappenedHere!?"" Towards a Taxonomy for User Interaction with Spatio-Temporal Game Data Visualization.",2021,"E Kleinman, N Preetham - CHI Play, 2021 - par.nsf.gov",1,21,Maybe,,https://par.nsf.gov/biblio/10291132,,,/Users/zezhongwang/Downloads/VIS-Method/papers/2021 - What HappenedHere!__ Towards a Taxonomy for User Interaction with Spatio-Temporal Game Data Visualization..pdf,downloaded,True,… a qualitative user study (n=7) in which experienced players were tasked with using a spatio-temporal visualization … Audio and screen video from think-aloud sessions were recorded …,Keyword-26Mar14
Google Scholar (SerpAPI),"video ""temporal visualization"" action sequence qualitative",Situated spatio-temporal visual analytics,2023,FS Alallah - 2023 - mspace.lib.umanitoba.ca,0,21,Include,,https://mspace.lib.umanitoba.ca/bitstream/handle/1993/37106/Alallah_Fouad.pdf?sequence=1,,https://mspace.lib.umanitoba.ca/bitstream/handle/1993/37106/Alallah_Fouad.pdf?sequence=1,/Users/zezhongwang/Downloads/VIS-Method/papers/2023 - Situated spatio-temporal visual analytics.pdf,downloaded,True,"… The result of playing the video in sequential analysis mode in (… , we quantitatively and qualitatively record user interactions … spatiotemporal visualization techniques will be presented. …",Keyword-26Mar14
Google Scholar (SerpAPI),"observational video ""visual analysis"" interaction",Note-taking in co-located collaborative visual analytics: Analysis of an observational study,2012,"N Mahyar, A Sarvghad, M Tory - Information Visualization, 2012 - journals.sagepub.com",50,20,Exclude,,https://journals.sagepub.com/doi/abs/10.1177/1473871611433713,,http://groups.cs.umass.edu/asarv/wp-content/uploads/sites/9/2018/10/Note-Taking-in-Co-located-Collaborative-Visual-analytics-Analysis-of-an-Observational-Study.pdf,/Users/zezhongwang/Downloads/VIS-Method/papers/2012 - Note-taking in co-located collaborative visual analytics_ Analysis of an observational study.pdf,downloaded,True,"… data about the visual analysis processes and visualization … work by allowing users to interact and explore a dataset … We gathered data in the form of recorded videos, interviews, …",Keyword-26Mar14
Google Scholar (SerpAPI),"""interaction analysis"" video visualization qualitative",Eagleview: A video analysis tool for visualising and querying spatial interactions of people and devices,2018,"Frederik Brudy, Suppachai Suwanwatcharachat, Wenyu Zhang, Steven Houben, Nicolai Marquardt - Proceedings of the 2018 ACM International Conference on Interactive Surfaces and Spaces",33,20,Include,10.1145/3279778.3279795,https://dl.acm.org/doi/abs/10.1145/3279778.3279795,,,/Users/zezhongwang/Downloads/VIS-Method/papers/Eagleview A video analysis tool for visualising and querying spatial interactions of people and devices.pdf,downloaded,False,"… Our study showed that the visualisation-… that interaction analysis on the video material is only the first step and a more detailed quantitative (time, duration, and frequency) and qualitative …",Keyword-26Mar14
Google Scholar (SerpAPI),"""interaction analysis"" video visualization qualitative",From interaction analysis to pedagogy: boundary crossing through intertwined approaches to video-based sensemaking,2026,"Megan Goeke, David DeLiema, Jeffrey K. Bye, Zack Carpenter, Vijay Marupudi et al. - International Journal of Research &amp; Method in Education",0,20,Exclude,10.1080/1743727x.2025.2544012,https://www.tandfonline.com/doi/abs/10.1080/1743727X.2025.2544012,,,,no_open_pdf_found,False,"… of boundary crossing from qualitative findings to pedagogy, … an interaction-analysis-derived finding and video recordings of … video-based research traditions: interaction analysis, video-…",Keyword-26Mar14
Google Scholar (SerpAPI),"video ""temporal visualization"" action sequence qualitative",""" Ah! I see""-Facilitating Process Reflection in Gameplay through a Novel Spatio-Temporal Visualization System",2024,"Sai Siddartha Maram, Erica Kleinman, Jennifer Villareale, Jichen Zhu, Magy Seif El-Nasr - Proceedings of the CHI Conference on Human Factors in Computing Systems",10,19,Maybe,10.1145/3613904.3642484,https://dl.acm.org/doi/abs/10.1145/3613904.3642484,,,/Users/zezhongwang/Downloads/VIS-Method/papers/2024 - _ Ah! I see_-Facilitating Process Reflection in Gameplay through a Novel Spatio-Temporal Visualization System.pdf,downloaded,True,"… also provide a video fgure (attached), that describes the game and the visualization system. … After observing recurring themes deduced from the qualitative coding of the interviews, we …",Keyword-26Mar14
Google Scholar (SerpAPI),"observational video ""visual analysis"" interaction",Use of photography and video in observational research,2011,"M Basil - Qualitative Market Research: An International Journal, 2011 - emerald.com",148,18,Exclude,,https://www.emerald.com/qmr/article/14/3/246/358600,,https://www.emerald.com/qmr/article-pdf/14/3/246/2272279/13522751111137488.pdf,,http_403,True,"… and video should be a critical part of observational research … how visual analysis can be applied to observational research… ethnography, analyzing interaction, and autobiography. …",Keyword-26Mar14
Google Scholar (SerpAPI),"""interaction analysis"" video visualization qualitative",Miria: A mixed reality toolkit for the in-situ visualization and analysis of spatio-temporal interaction data,2021,"Wolfgang Büschel, Anke Lehmann, Raimund Dachselt - Proceedings of the 2021 CHI Conference on Human Factors in Computing Systems",141,18,Include,10.1145/3411764.3445651,https://dl.acm.org/doi/abs/10.1145/3411764.3445651,,,/Users/zezhongwang/Downloads/VIS-Method/papers/MIRIA A Mixed Reality Toolkit for the In-Situ Visualization and Analysis of Spatio-Temporal Interaction Data.pdf,downloaded,False,"… Interaction Analysis toolkit), that allows this form of in-situ data exploration and analysis by embedding AR visualizations … to support the playback of video recordings and displaying …",Keyword-26Mar14
Google Scholar (SerpAPI),video state diagram interaction qualitative visualization,Visualization in analysis: Developing ANT analysis diagrams (AADs),2017,"L Payne - Qualitative research, 2017 - journals.sagepub.com",30,18,Exclude,,https://journals.sagepub.com/doi/abs/10.1177/1468794116661229,,https://pure.coventry.ac.uk/ws/files/4036295/LPayne%20accepted%20notAnon.pdf,/Users/zezhongwang/Downloads/VIS-Method/papers/2017 - Visualization in analysis_ Developing ANT analysis diagrams (AADs).pdf,downloaded,True,"… These diagrams can be used to explore and develop an understanding of the interactions between, and influences of, elements in a social situation, supporting the careful consideration …",Keyword-26Mar14
Google Scholar (SerpAPI),"observational video ""visual analysis"" interaction",Intervention or involvement: A video observational analysis of bouncers in aggressive encounters,2020,"Lasse Suonperä Liebst, Peter Ejbye-Ernst, Richard Philpot, Marie Bruvik Heinskou, Jakob Demant et al. - Deviant Behavior",16,18,Exclude,10.1080/01639625.2019.1619421,https://www.tandfonline.com/doi/abs/10.1080/01639625.2019.1619421,,,,no_open_pdf_found,False,"… , code, and analyze video recordings of naturally occurring … video-based assessment of aggressive bouncer interactions. … supported by the qualitative visual analysis, which identified …",Keyword-26Mar14
Google Scholar (SerpAPI),video state diagram interaction qualitative visualization,Interaction diagrams: development of a method for observing group interactions,2018,"K Nestsiarovich, D Pons - Behavioral Sciences, 2018 - mdpi.com",7,18,Include,,https://www.mdpi.com/2076-328X/9/1/5,,,/Users/zezhongwang/Downloads/VIS-Method/papers/2018 - Interaction diagrams_ development of a method for observing group interactions.pdf,downloaded,True,"… While video and audio recording can provide a rich record of the interactions for subsequent … in the current paper differs by using diagrams as a platform for qualitative data, although …",Keyword-26Mar14
Google Scholar (SerpAPI),"""interaction analysis"" video visualization qualitative",Video in interactionist research,2021,René Tuma - api.taylorfrancis.com,1,18,Exclude,10.4324/9780429276767-37,https://api.taylorfrancis.com/content/chapters/edit/download?identifierName=doi&identifierValue=10.4324/9780429276767-37&type=chapterpdf,,,,no_open_pdf_found,False,"… , but videos are analyzed and findings are transformed into numerical data, statistics or texts, although some visualizations are … informed tradition of interaction analysis is to uncover the …",Keyword-26Mar14
Google Scholar (SerpAPI),"observational video ""visual analysis"" interaction",Visual analysis. New developments in the interpretative analysis of video and photography,2008,"Hubert Knoblauch, Alejandro Baer, Eric Laurier, Bernt Schnettler, René Tuma - Forum Qualitative Sozialforschung / Forum: Qualitative Social Research",297,17,yes,,https://www.researchgate.net/profile/Hubert-Knoblauch/publication/46420467_Visual_Analysis_New_Developments_in_the_Interpretative_Analysis_of_Video_and_Photography/links/66ffaecd869f1104c6c5b7af/Visual-Analysis-New-Developments-in-the-Interpretative-Analysis-of-Video-and-Photography.pdf,,https://www.researchgate.net/profile/Hubert-Knoblauch/publication/46420467_Visual_Analysis_New_Developments_in_the_Interpretative_Analysis_of_Video_and_Photography/links/66ffaecd869f1104c6c5b7af/Visual-Analysis-New-Developments-in-the-Interpretative-Analysis-of-Video-and-Photography.pdf,/Users/zezhongwang/Downloads/VIS-Method/papers/Knoblauch_2008_Visual-Analysis.-New-Developments-in-the-Interpretative-Analysis-of-Video-and-Phot....pdf,downloaded,True,"… shooting video emerging from a praxeological perspective on social interaction. This perspective is grounded in the possibility not only of observation but of recording social interaction, …",Keyword-26Mar14
Google Scholar (SerpAPI),video state diagram interaction qualitative visualization,Do you see what i see? a qualitative study eliciting high-level visualization comprehension,2024,"Ghulam Jilani Quadri, Arran Zeyu Wang, Zhehao Wang, Jennifer Adorno, Paul Rosen et al. - Proceedings of the CHI Conference on Human Factors in Computing Systems",49,17,Exclude,10.1145/3613904.3642813,https://dl.acm.org/doi/abs/10.1145/3613904.3642813,,,/Users/zezhongwang/Downloads/VIS-Method/papers/Do You See What I See A Qualitative Study Eliciting High-Level Visualization Comprehension.pdf,downloaded,False,"… We chose to conduct the study on multiple visualization types—line graphs, bar charts, and … people interpret graphs, given the complex interactions we anticipate between design factors…",Keyword-26Mar14
Google Scholar (SerpAPI),"observational video ""visual analysis"" interaction",Exclusively visual analysis of classroom group interactions,2016,"Laura Tucker, Rachel E. Scherr, Todd Zickler, Eric Mazur - Physical Review Physics Education Research",7,17,Maybe,10.1103/physrevphyseducres.12.020142,https://journals.aps.org/prper/abstract/10.1103/PhysRevPhysEducRes.12.020142,,,/Users/zezhongwang/Downloads/VIS-Method/papers/2016 - Exclusively visual analysis of classroom group interactions.pdf,downloaded,True,"… scaling qualitative classroom observation, we qualitatively coded classroom video using an … interactions as group discussion when visual and audio data are used compared with video-…",Keyword-26Mar14
Google Scholar (SerpAPI),video state diagram interaction qualitative visualization,Interactive state-transition diagrams for visualization of multimodal annotation,2012,"A Podlasov, S Tan, K O'Halloran - Intelligent Data Analysis, 2012 - journals.sagepub.com",7,17,Exclude,,https://journals.sagepub.com/doi/abs/10.3233/IDA-2012-0544,,,,no_open_pdf_found,False,"… As shown further in the dynamic state diagram, in this particular video, the affiliate expert also forms the core of a sequence of synchronous visual-verbal clusters (Fig. 8(b), labels (7) …",Keyword-26Mar14
Google Scholar (SerpAPI),"video ""temporal visualization"" action sequence qualitative",Interpretive Temporal Sequence Visualization,2021,C Wang - 2021 - search.proquest.com,0,17,Exclude,,https://search.proquest.com/openview/8feda55f2b10ddac57c372b8052f6d0e/1?pq-origsite=gscholar&cbl=18750&diss=y,,,,no_open_pdf_found,False,"… in snooker videos. Nonetheless, comparing videos with videos in a quantitative illustration can … Figure 4.1: Temporal visualization of a patient’s visit records from RETAIN [73], where the …",Keyword-26Mar14
Google Scholar (SerpAPI),"""interaction analysis"" video visualization qualitative","Kinect analysis: a system for recording, analysing and sharing multimodal interaction elicitation studies",2015,"Michael Nebeling, David Ott, Moira C. Norrie - Proceedings of the 7th ACM SIGCHI Symposium on Engineering Interactive Computing Systems",36,16,Exclude,10.1145/2774225.2774846,https://dl.acm.org/doi/abs/10.1145/2774225.2774846,,,"/Users/zezhongwang/Downloads/VIS-Method/papers/2015 - Kinect analysis_ a system for recording, analysing and sharing multimodal interaction elicitation studies.pdf",downloaded,True,… Also related to Kinect Analysis are tools for qualitative video … canvas and several controls for visualisation (Figure 2) as well … interaction analysis based on Kinect. Rather than just using …,Keyword-26Mar14
Google Scholar (SerpAPI),"observational video ""visual analysis"" interaction",Analyzing affective media practices by the use of video analysis,2019,"M Lünenborg, T Maier - Analyzing Affective Societies, 2019 - taylorfrancis.com",29,16,Include,,https://www.taylorfrancis.com/chapters/edit/10.4324/9780429424366-8/analyzing-affective-media-practices-use-video-analysis-margreth-l%C3%BCnenborg-tanja-maier,,https://www.researchgate.net/profile/Thomas-John-28/publication/331662356_Investigating_affective_media_practices_in_a_transnational_setting_Methods_and_Methodologies/links/63a0dce7024dc52c8a3241c7/Investigating-affective-media-practices-in-a-transnational-setting-Methods-and-Methodologies.pdf#page=157,/Users/zezhongwang/Downloads/VIS-Method/papers/Lnenborg_Maier_Analyzingaffectivemediapracticesbytheuseofvideoanalysis.pdf,downloaded,True,"… repertoires in a complex interaction of performed personal … by tools of observation nor by surveys or video analysis. … of interpretive audio visual analysis in social research’, in H …",Keyword-26Mar14
Google Scholar (SerpAPI),"video ""temporal visualization"" action sequence qualitative",Interactive exploration of surveillance video through action shot summarization and trajectory visualization,2013,"Amir H. Meghdadi, Pourang Irani - IEEE Transactions on Visualization and Computer Graphics",111,15,Maybe,10.1109/tvcg.2013.168,https://ieeexplore.ieee.org/abstract/document/6634090/,,,/Users/zezhongwang/Downloads/VIS-Method/papers/Interactive_Exploration_of_Surveillance_Video_through_Action_Shot_Summarization_and_Trajectory_Visualization.pdf,downloaded,False,… Space time cube allows spatio-temporal visualization of a movement trajectory … Our qualitative observation of the user study indicates that the main advantage of sViSIT over video …,Keyword-26Mar14
Google Scholar (SerpAPI),"video ""temporal visualization"" action sequence qualitative",Once upon a spacetime: Visual storytelling in cognitive and geotemporal information spaces,2018,"E Mayr, F Windhager - ISPRS International Journal of Geo-Information, 2018 - mdpi.com",57,15,Maybe,,https://www.mdpi.com/2220-9964/7/3/96,,,/Users/zezhongwang/Downloads/VIS-Method/papers/Once_upon_a_Spacetime_Visual_Storytelling_in_Cogni.pdf,downloaded,False,… and geo-analytical packages (for a video demonstrating these visualization techniques in the … develop these methods and combine them with qualitative methods (like the think-aloud …,Keyword-26Mar14
Google Scholar (SerpAPI),"""interaction analysis"" video visualization qualitative",An interactional “live eye tracking” study in autism spectrum disorder: Combining qualitative and quantitative approaches in the study of gaze,2017,"Katja Dindar, Terhi Korkiakangas, Aarno A. Laitila, E. Kärnä - Taylor & Francis",38,15,Exclude,10.1080/14780887.2017.1290174,https://www.tandfonline.com/doi/abs/10.1080/14780887.2017.1290174,,https://discovery.ucl.ac.uk/id/eprint/1542188/1/An%20interactional%20live%20eye%20tracking%20study%20in%20autism%20spectrum%20disorder%20combining%20qualitative%20and%20quantitative%20approaches%20in%20the%20study%20of%20gaze.pdf,/Users/zezhongwang/Downloads/VIS-Method/papers/2017 - An interactional “live eye tracking” study in autism spectrum disorder_ Combining qualitative and quantitative approaches in the study of gaze.pdf,downloaded,True,"… with qualitative interaction analysis, multimodally informed conversation analysis. Drawing on eye tracking and wide-angle video … The article demonstrates how quantitative eye tracking …",Keyword-26Mar14
Google Scholar (SerpAPI),video state diagram interaction qualitative visualization,Knowledge Visualization in Qualitative Methods--Or How Can I See What I Say?,2011,"Nicole Bischof, Alice Comi, Martin J. Eppler - 2011 15th International Conference on Information Visualisation",33,15,Exclude,10.1109/iv.2011.14,https://ieeexplore.ieee.org/abstract/document/6004069/,,,/Users/zezhongwang/Downloads/VIS-Method/papers/Knowledge_Visualization_in_Qualitative_Methods_--_Or_How_Can_I_See_What_I_Say.pdf,downloaded,False,"… collects data by creating a group interactive discussion [13, 14, … participants but do not allow interactive discussions, such as no… a visualization software (let’s focus) connected to a video …",Keyword-26Mar14
Google Scholar (SerpAPI),video state diagram interaction qualitative visualization,Evaluating video visualizations of human behavior,2011,"Mario Romero, Alice Vialard, John Peponis, John Stasko, Gregory Abowd - Proceedings of the SIGCHI Conference on Human Factors in Computing Systems",15,15,Maybe,10.1145/1978942.1979155,https://dl.acm.org/doi/abs/10.1145/1978942.1979155,,,/Users/zezhongwang/Downloads/VIS-Method/papers/2011 - Evaluating video visualizations of human behavior.pdf,downloaded,True,"… from qualitative pen-and-paper observation to automatic video … The images are processed and visualized for rapid search … let them verbally guide the interactive views, allowing them to …",Keyword-26Mar14
Google Scholar (SerpAPI),video state diagram interaction qualitative visualization,Storytelling with networks: Realizing the explanatory potential of network diagrams through the integration of qualitative data,2023,"Thomas Cowhitt, Toby Greany, Chris Downey - International Journal of Qualitative Methods",11,15,Exclude,10.1177/16094069231189369,https://journals.sagepub.com/doi/abs/10.1177/16094069231189369,,,/Users/zezhongwang/Downloads/VIS-Method/papers/Storytelling with networks Realizing the explanatory potential of network diagrams through the integration of qualitative data.pdf,downloaded,False,… Network visualizations are alluring yet deceptively difficult to interpret. This article demonstrates several strategies for integrating qualitative data into interactive network diagrams for the …,Keyword-26Mar14
Google Scholar (SerpAPI),video state diagram interaction qualitative visualization,Visualizing qualitative research,2025,"M Van Hulst, EL Visser - Public Administration Review, 2025 - Wiley Online Library",1,15,Exclude,,https://onlinelibrary.wiley.com/doi/abs/10.1111/puar.70064,,,/Users/zezhongwang/Downloads/VIS-Method/papers/vanHulst-VisserVisualizingQualitativeResearchPAR2025online.pdf,downloaded,False,"… how visualization can support research, how visuals interact … are elaborate manuals and online videos to help researchers … for visualizing as well, yet this does not relieve qualitative …",Keyword-26Mar14
Google Scholar (SerpAPI),video state diagram interaction qualitative visualization,Data-driven interaction techniques for improving navigation of educational videos,2014,"Juho Kim, Philip J. Guo, Carrie J. Cai, Shang-Wen (Daniel) Li, Krzysztof Z. Gajos et al. - Proceedings of the 27th annual ACM symposium on User interface software and technology",185,14,Exclude,10.1145/2642918.2647389,https://dl.acm.org/doi/abs/10.1145/2642918.2647389,,,/Users/zezhongwang/Downloads/VIS-Method/papers/Data-driven interaction techniques for improving navigation of educational videos.pdf,downloaded,False,… by augmenting search results with interaction data and visualizing them on the video timeline. … Our designs are informed by quantitative and qualitative findings from analyses of …,Keyword-26Mar14
Google Scholar (SerpAPI),"observational video ""visual analysis"" interaction",Video recording as interaction: Participant observation of children's everyday life,2005,"A Sparrman - Qualitative Research in Psychology, 2005 - Taylor & Francis",127,14,Exclude,,https://www.tandfonline.com/doi/abs/10.1191/1478088705qp041oa,,https://www.academia.edu/download/85049235/Video_recording_as_interaction_Sparrman.pdf,/Users/zezhongwang/Downloads/VIS-Method/papers/2005 - Video recording as interaction_ Participant observation of children's everyday life.pdf,downloaded,True,"… interaction strategies while being observed with a video … role in video recording young children’s peer interactions. The … procedures for data collection and visual analysis, as well as …",Keyword-26Mar14
Google Scholar (SerpAPI),"observational video ""visual analysis"" interaction",Performing qualitative content analysis of video data in social sciences and medicine: The visual-verbal video analysis method,2023,"Sahar Fazeli, Judith Sabetti, Manuela Ferrari - International Journal of Qualitative Methods",91,14,Exclude,10.1177/16094069231185452,https://journals.sagepub.com/doi/abs/10.1177/16094069231185452,,,/Users/zezhongwang/Downloads/VIS-Method/papers/Performing_Qualitative_Content_Analysis_of_Video_D.pdf,downloaded,False,"… The video, as data, has helped researchers understand how human interactions and … have both been used with content and visual analysis of video data in the social sciences and …",Keyword-26Mar14
Google Scholar (SerpAPI),"observational video ""visual analysis"" interaction",Making interaction and interactivity visible: On the practical and analytical uses of audiovisual recordings in high-tech and high-risk work situations,2002,C Schubert - 2002 - ssoar.info,13,14,Exclude,,https://www.ssoar.info/ssoar/handle/document/1109,,https://www.ssoar.info/ssoar/bitstream/handle/document/1109/ssoar-2002-schubert-making_interaction_and_interactivity_visible.pdf?sequence=1,/Users/zezhongwang/Downloads/VIS-Method/papers/2002 - Making interaction and interactivity visible_ On the practical and analytical uses of audiovisual recordings in high-tech and high-risk work situations.pdf,downloaded,True,"… This paper will argue in favour of video observation and the qualitative analysis of this kind of … has effects on the interaction, but I will be concerned with visual analysis from now on. …",Keyword-26Mar14
Google Scholar (SerpAPI),video state diagram interaction qualitative visualization,Visual display of qualitative information: Implications of using illustrations to depict video data,2023,"E Euler, B Gregorcic - Physical Review Physics Education Research, 2023 - APS",3,14,Exclude,,https://journals.aps.org/prper/abstract/10.1103/PhysRevPhysEducRes.19.020120,,,/Users/zezhongwang/Downloads/VIS-Method/papers/2023 - Visual display of qualitative information_ Implications of using illustrations to depict video data.pdf,downloaded,True,"… data in PER, we first provide an overview of the approaches taken to depict video data in publications that focus on human interactions in the teaching and learning of science. We have …",Keyword-26Mar14
Google Scholar (SerpAPI),"""interaction analysis"" video visualization qualitative",Videography: An Interpretative Approach to Video-Recorded Micro-Social lnteraction,,Hubert Knoblauch - Videography: An Interpretative Approach to Video-Recorded Micro-Social Interaction,0,14,Exclude,,https://www.researchgate.net/profile/Hubert-Knoblauch/publication/385780039_Videography_An_Interpretative_Approach_to_Video-Recorded_Micro-Social_Interaction/links/67d2f6c27c5b5569dcba5637/Videography-An-Interpretative-Approach-to-Video-Recorded-Micro-Social-Interaction.pdf,,https://www.researchgate.net/profile/Hubert-Knoblauch/publication/385780039_Videography_An_Interpretative_Approach_to_Video-Recorded_Micro-Social_Interaction/links/67d2f6c27c5b5569dcba5637/Videography-An-Interpretative-Approach-to-Video-Recorded-Micro-Social-Interaction.pdf,/Users/zezhongwang/Downloads/VIS-Method/papers/HK2020Tuma-Videography_An_Interpretative_Approach_to_Video-Recorded_Micro_Social_Interaction.pdf,downloaded,True,"… As opposed methodologies analyzing videos on quantitative and standardized ways, … than video interaction analysis. 'Sequentiality' is a central category in fine-grained analyses of video…",Keyword-26Mar14
Google Scholar (SerpAPI),"video ""temporal visualization"" action sequence qualitative",Interactive timeline approach for contextual spatio-temporal ECT data investigation,2020,"Andrzej Romanowski, Zbigniew Chaniecki, Aleksandra Koralczyk, Mikołaj Woźniak, Adam Nowak et al. - Sensors",18,13,Exclude,10.3390/s20174793,https://www.mdpi.com/1424-8220/20/17/4793,,,/Users/zezhongwang/Downloads/VIS-Method/papers/2020 - Interactive timeline approach for contextual spatio-temporal ECT data investigation.pdf,downloaded,True,"… to spatio-temporal visualization methods, … quantitative feedback we collected all the remarks noted by the participants in the answer sheets and encoded auditory records from the videos…",Keyword-26Mar14
Google Scholar (SerpAPI),video state diagram interaction qualitative visualization,Visual Network Analysis: a qualitative method for researching sociomaterial practice,2020,"M Decuypere - Qualitative research, 2020 - journals.sagepub.com",145,12,Exclude,,https://journals.sagepub.com/doi/abs/10.1177/1468794118816613,,,/Users/zezhongwang/Downloads/VIS-Method/papers/2020 - Visual Network Analysis_ a qualitative method for researching sociomaterial practice.pdf,downloaded,True,… qualitative data in a relational manner. The article proceeds with elucidating how to compose and visualize network diagrams … of the visualization principle that actors that tend to interact …,Keyword-26Mar14
Google Scholar (SerpAPI),"video ""spatial visualization"" interaction analysis",Interaction strategies for effective augmented reality geo-visualization: Insights from spatial cognition,2021,"Aaron Gardony, S. B. Martis, H. Taylor, T. Brunyé - Hum. Comput. Interact.",48,12,Exclude,10.1080/07370024.2018.1531001,https://www.tandfonline.com/doi/abs/10.1080/07370024.2018.1531001,,,,no_open_pdf_found,False,"… to interaction behavior and navigation performance. Spatial skills are thought to encompass three abilities: spatial visualization, … , video game experience, and military status related to …",Keyword-26Mar14
Google Scholar (SerpAPI),"video ""spatial visualization"" interaction analysis",Enhancing spatial visualization through Virtual Reality (VR) on the web: Software design and impact analysis,2002,"O. Kwon, Steven Kim - learntechlib.org",33,12,Exclude,,https://www.learntechlib.org/p/10769/,,,,no_open_pdf_found,False,"… merge images, video, animation, … interactions with the user. The present study involves the creation of software using VR to enhance spatial visualization skills, followed by an analysis …",Keyword-26Mar14
Google Scholar (SerpAPI),"observational video ""visual analysis"" interaction",Visual analysis of proximal temporal relationships of social and communicative behaviors,2015,"Yi Han, A. Rozga, N. Dimitrova, G. Abowd, J. Stasko - Computer graphics forum (Print)",28,12,Exclude,10.1111/cgf.12617,https://onlinelibrary.wiley.com/doi/abs/10.1111/cgf.12617,,https://diglib.eg.org/bitstream/handle/10.1111/cgf12617/v34i3pp051-060.pdf?sequence=1,/Users/zezhongwang/Downloads/VIS-Method/papers/2015 - Visual analysis of proximal temporal relationships of social and communicative behaviors.pdf,downloaded,True,"… level where seeing the overview is possible, but observing details is difficult. We refer the reader to the accompanying video that makes the visualization and interactions much clearer. …",Keyword-26Mar14
Google Scholar (SerpAPI),"video ""spatial visualization"" interaction analysis",Interactive visualization of video content and associated description for semantic annotation,2009,"Marco Campanella, Riccardo Leonardi, Pierangelo Migliorati - Signal, Image and Video Processing",17,12,Maybe,10.1007/s11760-008-0071-6,https://link.springer.com/article/10.1007/s11760-008-0071-6,,https://link.springer.com/content/pdf/10.1007/s11760-008-0071-6.pdf,/Users/zezhongwang/Downloads/VIS-Method/papers/2009 - Interactive visualization of video content and associated description for semantic annotation.pdf,downloaded,True,… of video processing and human–computer interaction. As … the possibility of navigating a video document at the same time … built with video processing and human– computer interaction …,Keyword-26Mar14
Google Scholar (SerpAPI),"video ""temporal visualization"" action sequence qualitative",Unexplored and familiar: Experiencing interactive spatio-temporal visualization,2020,Sara Rodrigues - 2020 15th Iberian Conference on Information Systems and Technologies (CISTI),10,12,Exclude,10.23919/cisti49556.2020.9140811,https://ieeexplore.ieee.org/abstract/document/9140811/,,,/Users/zezhongwang/Downloads/VIS-Method/papers/Unexplored_and_familiar_experiencing_interactive_spatio-temporal_visualization.pdf,downloaded,False,"… sequence. Finally, a relationship of proportionality is portrayed when the focus is on the comparison of quantitative … elementary interaction with an animated video is not representative of …",Keyword-26Mar14
Google Scholar (SerpAPI),"video ""spatial visualization"" interaction analysis",The Interaction Geography Slicer: Designing Exploratory Spatial Data Visualization Tools for Teachers' Reflective Practice,2025,"Ben Rydal Shapiro, Elizabeth C Metts, Edwin Zhao - Proceedings of the 2025 CHI Conference on Human Factors in Computing Systems",2,12,Include,10.1145/3706598.3713499,https://dl.acm.org/doi/abs/10.1145/3706598.3713499,,,/Users/zezhongwang/Downloads/VIS-Method/papers/2025 - The Interaction Geography Slicer_ Designing Exploratory Spatial Data Visualization Tools for Teachers' Reflective Practice.pdf,downloaded,True,"… analysis to propose new perspectives and directions for the interactive and spatial visualization … used the IGS to analyze their own movement, conversation, and video data we collected …",Keyword-26Mar14
Google Scholar (SerpAPI),"observational video ""visual analysis"" interaction",ISeeCube: Visual analysis of gaze data for video,2014,"K. Kurzhals, Florian Heimerl, D. Weiskopf - Eye Tracking Research & Application",113,11,Maybe,10.1145/2578153.2578158,https://dl.acm.org/doi/abs/10.1145/2578153.2578158,,,/Users/zezhongwang/Downloads/VIS-Method/papers/2014_ISeeCube_-_Visual_Analysis_of_Gaze_Data_for_Video.pdf,downloaded,False,… -computer interaction to extract knowledge from the data. … has to watch the complete video with the visualization overlay to … mobile eye-tracking for observational research on the flight …,Keyword-26Mar14
Google Scholar (SerpAPI),"""interaction analysis"" video visualization qualitative",Drawing as transcription: how do graphical techniques inform interaction analysis?,2019,Albert Saul - Social Interaction. Video-Based Studies of Human Sociality,20,11,maybe,10.7146/si.v2i1.113112,https://qmro.qmul.ac.uk/xmlui/bitstream/handle/123456789/74756/Skach%20Drawing%20as%20transcription%202021%20Published.pdf?sequence=2,,https://qmro.qmul.ac.uk/xmlui/bitstream/handle/123456789/74756/Skach%20Drawing%20as%20transcription%202021%20Published.pdf?sequence=2,/Users/zezhongwang/Downloads/VIS-Method/papers/2022 - Interactive transcription techniques for interaction analysis.pdf,downloaded,True,… interaction analysis specifically in the context of a collaborative data analysis session. … video timeline. These animated inscriptions hint at how software designed for interaction analysis …,Keyword-26Mar14
Google Scholar (SerpAPI),"""interaction analysis"" video visualization qualitative",Visual transcription. A method to analyze the visual and visualize the audible in interaction,2021,"Jarret Geenen, Tui Matelau-Doherty, Sigrid Norris - Revue Française des Méthodes Visuelles",10,11,Exclude,10.4000/12mpo,https://journals.openedition.org/rfmv/568,,,/Users/zezhongwang/Downloads/VIS-Method/papers/Visual_transcription_A_method_to_analyze_the_visua.pdf,downloaded,False,"… 8In the study of interaction analysis, video-recorded data are considered essential due to … by researchers within multiple interaction analysis approaches: Multimodal Conversation …",Keyword-26Mar14
Google Scholar (SerpAPI),"video ""temporal visualization"" action sequence qualitative",Visualization of spatio-temporal information for personal performance analysis in games,2017,PMA Vieira - 2017 - search.proquest.com,5,11,Exclude,,https://search.proquest.com/openview/6965589991b40bbbb5f1746e437a1fb3/1?pq-origsite=gscholar&cbl=2026366&diss=y,,,,no_open_pdf_found,False,"… of the popularity of these video games, combined with the large … qualitative data can help researchers and developers understand what metrics are more important to users, in order …",Keyword-26Mar14
Google Scholar (SerpAPI),"video ""spatial visualization"" interaction analysis",Augmented reality app for calculus: A proposal for the development of spatial visualization,2015,"Eliud Quintero, Patricia Salinas, Eduardo González-Mendívil, Héctor Ramírez - Procedia Computer Science",102,10,Exclude,10.1016/j.procs.2015.12.251,https://www.sciencedirect.com/science/article/pii/S1877050915037126,,https://www.sciencedirect.com/science/article/pii/S1877050915037126/pdf?md5=53b7c41aba31b59cf90114555fb0be43&pid=1-s2.0-S1877050915037126-main.pdf,/Users/zezhongwang/Downloads/VIS-Method/papers/2015 - Augmented reality app for calculus_ A proposal for the development of spatial visualization.pdf,downloaded,True,"… application in order to promote spatial visualization in Calculus courses for engineering … The analysis of the videos recorded, revealed the way in which the students worked with the …",Keyword-26Mar14
Google Scholar (SerpAPI),"video ""spatial visualization"" interaction analysis",Where spatial visualization meets landscape research and “Pinballology”: examples of landscape construction in pinball games,2020,Dennis Edler - KN - Journal of Cartography and Geographic Information,53,10,Exclude,10.1007/s42489-020-00044-1,https://link.springer.com/article/10.1007/s42489-020-00044-1,,https://link.springer.com/content/pdf/10.1007/s42489-020-00044-1.pdf,/Users/zezhongwang/Downloads/VIS-Method/papers/2020 - Where spatial visualization meets landscape research and “Pinballology”_ examples of landscape construction in pinball games.pdf,downloaded,True,"… For example, visualization techniques and tools used in video and computer games, including navigation and locomotion tools in VR gaming, have been analyzed and adopted to VR-…",Keyword-26Mar14
Google Scholar (SerpAPI),"video ""spatial visualization"" interaction analysis",Augmented virtual reality and 360 spatial visualization for supporting user-engaged design,2023,"Jin-Kook Lee, Sanghoon Lee, Young-chae Kim, Sumin Kim, Seung-Wan Hong - Journal of Computational Design and Engineering",48,10,Exclude,10.1093/jcde/qwad035,https://academic.oup.com/jcde/article-abstract/10/3/1047/7143107,,https://academic.oup.com/jcde/article-pdf/10/3/1047/52600159/qwad035.pdf,/Users/zezhongwang/Downloads/VIS-Method/papers/Augmented_virtual_reality_and_360_spatial_visualiz.pdf,downloaded,True,"… The software supports the authoring of 360-degree spatial visualization videos for realistic design comparisons, which can be easily accessed by end-users using a head-mounted …",Keyword-26Mar14
Google Scholar (SerpAPI),"video ""temporal visualization"" action sequence qualitative","” And then they died”: Using action sequences for data driven, context aware gameplay analysis",2020,"Erica Kleinman, Sabbir Ahmad, Zhaoqing Teng, Andy Bryant, Truong-Huy D. Nguyen et al. - International Conference on the Foundations of Digital Games",41,10,Include,10.1145/3402942.3402962,https://dl.acm.org/doi/abs/10.1145/3402942.3402962,,,"/Users/zezhongwang/Downloads/VIS-Method/papers/2020 - ” And then they died”_ Using action sequences for data driven, context aware gameplay analysis.pdf",downloaded,True,"… Even with the spatio-temporal visualization, users still have to come … Action sequences play key roles in popular quantitative … A stage theory model of professional video game players in …",Keyword-26Mar14
Google Scholar (SerpAPI),"video ""spatial visualization"" interaction analysis","Technical drawing course, video games, gender, and type of school on spatial ability",2019,"B Ogunkola, C Knight - The journal of educational research, 2019 - Taylor & Francis",22,10,Exclude,,https://www.tandfonline.com/doi/abs/10.1080/00220671.2019.1592092,,https://www.researchgate.net/profile/Babalola-Ogunkola/publication/333519596_Technical_drawing_course_video_games_gender_and_type_of_school_on_spatial_ability/links/5cf5f6e94585153c3db1a095/Technical-drawing-course-video-games-gender-and-type-of-school-on-spatial-ability.pdf,"/Users/zezhongwang/Downloads/VIS-Method/papers/2019 - Technical drawing course, video games, gender, and type of school on spatial ability.pdf",downloaded,True,… Spatial visualization was the observer mentally manipulating of … spatial visualization and spatial orientation were components of spatial ability. It is recognized that spatial visualization is …,Keyword-26Mar14
Google Scholar (SerpAPI),"video ""spatial visualization"" interaction analysis",Interactive learning management system to develop spatial visualization abilities,2015,"Carlos Melgosa Pedrosa, B. Ramos Barbero, M. Esther Baños García - Computer Applications in Engineering Education",16,10,Exclude,10.1002/cae.21590,https://onlinelibrary.wiley.com/doi/abs/10.1002/cae.21590,,https://riubu.ubu.es/bitstream/handle/10259/4651/Melgosa-CAEE_2015.pdf?sequence=1,/Users/zezhongwang/Downloads/VIS-Method/papers/2015 - Interactive learning management system to develop spatial visualization abilities.pdf,downloaded,True,"… level of 95%, that students using our IT managed to improve their spatial visualization skills. … - Quality of videos and audio files. It is proposed to edit the videos again with new Codecs, …",Keyword-26Mar14
Google Scholar (SerpAPI),"video ""spatial visualization"" interaction analysis",The effect of review video making on problem based learning to spatial ability,2022,"D. S. Ahmar, Muhammad Fath Azzajjad, A. Ahmar - JINAV: Journal of Information and Visualization",11,10,Exclude,10.35877/454ri.jinav1441,https://jinav.org/index.php/jinav/article/view/1441,,,/Users/zezhongwang/Downloads/VIS-Method/papers/2022 - The effect of review video making on problem based learning to spatial ability.pdf,downloaded,True,"… Spatial ability indicators consist of spatial perception, mental rotation, and spatial visualization. Comparison of the value of each spatial ability indicator can be seen in table 2. Based on …",Keyword-26Mar14
Google Scholar (SerpAPI),"video ""spatial visualization"" interaction analysis",Analysis of blended and multi-modal instruction and its effects on spatial visualization ability,2019,"D. Bairaktarova, Daron Williams, Petros J. Katsioloudis - Engineering Design Graphics Journal",4,10,Exclude,10.18260/edgj.v83i0.722,https://digitalcommons.odu.edu/stemps_fac_pubs/270/,,,/Users/zezhongwang/Downloads/VIS-Method/papers/Analysis of Blended and Multi-Modal Instruction and Its Effects o.pdf,downloaded,False,… settings where students attend class and interact face-to-face … in-class instruction with videos that can be viewed at the … to Spatial Visualization course that integrated video lectures; …,Keyword-26Mar14
Google Scholar (SerpAPI),"observational video ""visual analysis"" interaction",Teaching students observational methods: Visual studies and visual analysis,2003,"P Ten Have - Visual Studies, 2003 - Taylor & Francis",32,9,Exclude,,https://www.tandfonline.com/doi/abs/10.1080/1472586032000100047,,,/Users/zezhongwang/Downloads/VIS-Method/papers/2003 - Teaching students observational methods_ Visual studies and visual analysis.pdf,downloaded,True,"… target object, for instance studying the interaction between a “living statue” or a man operating a street organ and his public. Many pictures and videos were taken from quite a distance, …",Keyword-26Mar14
Google Scholar (SerpAPI),video state diagram interaction qualitative visualization,Linear-time diagram: A set visualisation technique for personal visualisation to understand social interactions over time,2016,"Mithileysh Sathiyanarayanan, Donato Pirozzi - 2016 2nd International Conference on Contemporary Computing and Informatics (IC3I)",11,9,Exclude,10.1109/ic3i.2016.7917971,https://ieeexplore.ieee.org/abstract/document/7917971/,,https://www.researchgate.net/profile/Mithileysh-Sathiyanarayanan/publication/316732919_Linear-time_diagram_A_set_visualisation_technique_for_personal_visualisation_to_understand_social_interactions_over_time/links/5a342afd45851532e82cbaaf/Linear-time-diagram-A-set-visualisation-technique-for-personal-visualisation-to-understand-social-interactions-over-time.pdf,/Users/zezhongwang/Downloads/VIS-Method/papers/Linear-time_diagram_A_set_visualisation_technique_.pdf,downloaded,True,"… , photos, audio clips and videos. However, when an individual … and so far there is no visualisation support that can help in … -time diagrams, a combination of linear diagram along with a …",Keyword-26Mar14
Google Scholar (SerpAPI),"observational video ""visual analysis"" interaction",Interpretative visual analysis developments: State of the art and pending problems,2009,"Bernt Schnettler, Jürgen Raab - Historical Social Research / Historische Sozialforschung",165,8,Exclude,,https://www.jstor.org/stable/20762366,,https://www.ssoar.info/ssoar/bitstream/handle/document/28682/ssoar-hsr-2009-no_2__no_128-schnettler_et_al-interpretative_visual_analysis_developments.pdf?sequence=1,/Users/zezhongwang/Downloads/VIS-Method/papers/2009 - Interpretative visual analysis developments_ State of the art and pending problems.pdf,downloaded,True,"… and the forms of interaction and interactivity between human and technical devices. … , video data in diverse settings like observation centres and control rooms, where video recordings …",Keyword-26Mar14
Google Scholar (SerpAPI),"""interaction analysis"" video visualization qualitative",A multidimensional analysis tool for visualizing online interactions,2012,"M Kim, E Lee - Journal of Educational Technology & Society, 2012 - JSTOR",48,8,Exclude,,https://www.jstor.org/stable/pdf/jeductechsoci.15.3.89.pdf,,https://www.researchgate.net/profile/Mohamed-Mourad-Lafifi/post/Could_anybody_point_out_good_references_book_or_other_manual_about_SIEMENS_FUM_Card_such_as_FUM_230_FUM_511_and_son_on/attachment/59d64c3f79197b80779a6180/AS%3A484047265767424%401492417269115/download/Journal+of+Educational+Technology+%26+Society.pdf#page=94,/Users/zezhongwang/Downloads/VIS-Method/papers/2012 - A multidimensional analysis tool for visualizing online interactions.pdf,downloaded,True,"… To overcome such limitations, we developed the Multidimensional Interaction Analysis Tool (… Interaction Analysis Tool (MIAT), which can facilitate a multidimensional (quantitative …",Keyword-26Mar14
Google Scholar (SerpAPI),"video ""temporal visualization"" action sequence qualitative",Designing visualizations of temporal relations for children: action research meets HCI,2017,"Tania Di Mascio, Rosella Gennari, Laura Tarantino, Pierpaolo Vittorini - Multimedia Tools and Applications",20,8,Exclude,10.1007/s11042-016-3609-6,https://link.springer.com/article/10.1007/s11042-016-3609-6,,,/Users/zezhongwang/Downloads/VIS-Method/papers/Designing_visualizations_of_temporal_relations_for.pdf,downloaded,False,"… retaining some basic features of adult-oriented temporal visualization to favor the transition. … , and ease in persona derivation, in order to provide a qualitative assessment of CAR results. …",Keyword-26Mar14
Google Scholar (SerpAPI),"observational video ""visual analysis"" interaction",The handbook of visual analysis,2001,"T Van Leeuwen, C Jewitt - 2001 - books.google.com",2378,6,Exclude,,https://books.google.com/books?hl=en&lr=&id=vSFlLmCR26oC&oi=fnd&pg=PP2&dq=observational+video+%22visual+analysis%22+interaction&ots=T9hwTnCJoe&sig=gdlrkaYmoX_QAMbrkoqBLjbK4t8,,,,no_open_pdf_found,False,"… Action and Embodiment within Situated Human Interaction’(Journal of Pragmatics). His interest and teaching include video analysis of talk-in-interaction, gesture, gaze and embodiment …",Keyword-26Mar14
Google Scholar (SerpAPI),video state diagram interaction qualitative visualization,Activity recognition in video sequences over qualitative abstracts of a diagram-based representation schema,2021,"Chayanika D. Nath, Shyamanta M. Hazarika - Journal of Visual Communication and Image Representation",4,6,Exclude,10.1016/j.jvcir.2021.103061,https://www.sciencedirect.com/science/article/pii/S1047320321000298,,,/Users/zezhongwang/Downloads/VIS-Method/papers/2021 - Activity recognition in video sequences over qualitative abstracts of a diagram-based representation schema.pdf,downloaded,True,… combining diagrammatic reasoning with qualitative spatial and temporal reasoning techniques to visualize and perceive spatio-temporal relations among objects in a video. The hybrid …,Keyword-26Mar14
Google Scholar (SerpAPI),"observational video ""visual analysis"" interaction",Video data analysis: A methodological frame for a novel research trend,2021,"A Nassauer, NM Legewie - Sociological methods & research, 2021 - journals.sagepub.com",232,5,Exclude,,https://journals.sagepub.com/doi/abs/10.1177/0049124118769093,,,,,False,"… show that by observing a person’s movements, fields of vision, uses of space, interactions, exchanges of … Hence, if available, audio recordings strengthen visual analysis of interactions. …",Keyword-26Mar14
Google Scholar (SerpAPI),"video ""spatial visualization"" interaction analysis",The state of the art of spatial interfaces for 3D visualization,2021,"Lonni Besançon, Anders Ynnerman, Daniel F. Keefe, Lingyun Yu, Tobias Isenberg - Computer Graphics Forum",159,5,Exclude,10.1111/cgf.14189,https://onlinelibrary.wiley.com/doi/abs/10.1111/cgf.14189,,,/Users/zezhongwang/Downloads/VIS-Method/papers/2021 - The state of the art of spatial interfaces for 3D visualization.pdf,downloaded,True,"… Other forms of touch interaction can also be found in the literature (eg skinput [HTM10]), but to the best of our knowledge, are not used for 3D spatial visualization applications. …",Keyword-26Mar14
Google Scholar (SerpAPI),"""interaction analysis"" video visualization qualitative",The big picture? Video and the representation of interaction,2008,"L Plowman, C Stephen - British Educational Research Journal, 2008 - Taylor & Francis",144,5,Exclude,,https://www.tandfonline.com/doi/abs/10.1080/01411920701609422,,,/Users/zezhongwang/Downloads/VIS-Method/papers/2008 - The big picture_ Video and the representation of interaction.pdf,downloaded,True,… or video) and we collected more video data on an opportunistic basis. By the end of the fieldwork we had a total of 16 hours of video … of how to facilitate visualisation of the context being …,Keyword-26Mar14
Google Scholar (SerpAPI),"observational video ""visual analysis"" interaction",Video analysis and videography,2014,"Hubert Knoblauch, René Tuma, Bernt Schnettler - The SAGE Handbook of Qualitative Data Analysis",142,5,Exclude,10.4135/9781446282243.n30,https://books.google.com/books?hl=en&lr=&id=R-6GAwAAQBAJ&oi=fnd&pg=PA435&dq=observational+video+%22visual+analysis%22+interaction&ots=L78g0Vr8Ig&sig=WZYYJFnPvkkWXb57z3fEe9ITrGg,,,/Users/zezhongwang/Downloads/VIS-Method/papers/HK2014VideoAnalysisandVideography.pdf,downloaded,False,"… Compared with other forms of participatory observation, video recordings are characterized … visual analysis in the proper sense but, rather, as forms of protocols of the social interaction …",Keyword-26Mar14
Google Scholar (SerpAPI),video state diagram interaction qualitative visualization,Using lag-sequential analysis for understanding interaction sequences in visualizations,2016,"Margit Pohl, Günter Wallner, Simone Kriglstein - International Journal of Human-Computer Studies",61,5,Exclude,10.1016/j.ijhcs.2016.07.006,https://www.sciencedirect.com/science/article/pii/S1071581916300829,,,/Users/zezhongwang/Downloads/VIS-Method/papers/2016 - Using lag-sequential analysis for understanding interaction sequences in visualizations.pdf,downloaded,True,"… The analysis of interaction sequences, for example, can … of sequences of interactions within a visualization system and … log file analysis that there are interaction patterns which can be …",Keyword-26Mar14
Google Scholar (SerpAPI),"observational video ""visual analysis"" interaction",Learn2smile: Learning non-verbal interaction through observation,2017,"Will Feng, A. Kannan, Georgia Gkioxari, C. L. Zitnick - IEEE/RJS International Conference on Intelligent RObots and Systems",50,5,Maybe,10.1109/IROS.2017.8206272,https://ieeexplore.ieee.org/abstract/document/8206272/,,,/Users/zezhongwang/Downloads/VIS-Method/papers/2017 - Learn2smile_ Learning non-verbal interaction through observation.pdf,downloaded,True,"… In this paper, we explore how to interact with humans using visual expression cues. In … ’s facial expressions through observation. For this, we use hundreds of videos with pairs of people …",Keyword-26Mar14
Google Scholar (SerpAPI),"observational video ""visual analysis"" interaction",The naturalistic experiment: Video and organizational interaction,2018,"C Heath, P Luff - Organizational Research Methods, 2018 - journals.sagepub.com",47,5,Exclude,,https://journals.sagepub.com/doi/abs/10.1177/1094428117747688,,,/Users/zezhongwang/Downloads/VIS-Method/papers/2018 - The naturalistic experiment_ Video and organizational interaction.pdf,downloaded,True,"… The interaction and activities that arise in the setting, in particular with regard to the practice, … detailed investigation using video recordings augmented by field observation and in some …",Keyword-26Mar14
Google Scholar (SerpAPI),"observational video ""visual analysis"" interaction",Inhabiting spatial video and audio data: Towards a scenographic turn in the analysis of social interaction,2018,Paul McIlvenny - Social Interaction. Video-Based Studies of Human Sociality,35,5,Exclude,10.7146/si.v2i1.110409,https://tidsskrift.dk/socialinteraction/article/view/110409,,,,,False,"… we need a turn towards a more scenographic imagination – for instance, drawing from immersive theatre and gaming – to discover and multiply an innovative apparatus of observation …",Keyword-26Mar14
Google Scholar (SerpAPI),"video ""spatial visualization"" interaction analysis",Interaction evokes reflection: Learning efficiency in spatial visualization,2001,"G Smith - EdMedia, 2001 - learntechlib.org",29,5,Exclude,,https://www.learntechlib.org/p/8520/,,,,,False,… in spatial visualization? Since the pedagogy of computer interaction and spatial visualization is … Perhaps some variation of hands-on interaction might be most beneficial. Thus we …,Keyword-26Mar14
Google Scholar (SerpAPI),"video ""temporal visualization"" action sequence qualitative",Qualitative analysis of visual data in information behavior research,2019,"Sabina Cisek, Monika Krakowska - Zagadnienia Informacji Naukowej - Studia Informacyjne",20,5,Include,10.36702/zin.492,https://www.ceeol.com/search/article-detail?id=870822,,,/Users/zezhongwang/Downloads/VIS-Method/papers/2019 - Qualitative analysis of visual data in information behavior research.pdf,downloaded,True,"Purpose/Thesis: The paper contains a methodological reflection on qualitative analysis of … employs the realist epistemological stance, qualitative and descriptive approaches, and four …",Keyword-26Mar14
Google Scholar (SerpAPI),video state diagram interaction qualitative visualization,Temporal static visualisation of transcripts for pre-analysis of video material: Identifying modes of information sharing,2017,"Andreas Wulvik, Matilde Bisballe Jensen, Martin Steinert - Analysing Design Thinking: Studies of Cross-Cultural Co-Creation",11,5,Exclude,10.1201/9781315208169-15,https://www.taylorfrancis.com/chapters/edit/10.1201/9781315208169-19/temporal-static-visualisation-transcripts-pre-analysis-video-material-identifying-modes-information-sharing-andreas-wulvik-matilde-bisballe-jensen-martin-steinert,,,/Users/zezhongwang/Downloads/VIS-Method/papers/6.3TemporalStaticVisualisationofTranscriptsforPre-AnalysisofVideoMaterial-IdentifyingModesofInformationSharing.pdf,downloaded,True,"… mentioned cases as semi-quantitative since they all require … interactions without observing the actual group discussion. … In the field of visualisation of group interaction, the goal is to …",Keyword-26Mar14
Google Scholar (SerpAPI),video state diagram interaction qualitative visualization,Modeling and assessing user interaction in big data visualization systems,2023,"Dario Benvenuti, Matteo Filosa, Tiziana Catarci, Marco Angelini - Lecture Notes in Computer Science",8,5,Exclude,10.1007/978-3-031-42283-6_5,https://link.springer.com/chapter/10.1007/978-3-031-42283-6_5,,,,,False,"… a conceptual interaction-driven framework that enhances the visualization pipeline by … -, Visualization- and Interaction- layers, leveraging the modeling of interactions with augmented …",Keyword-26Mar14
Google Scholar (SerpAPI),"video ""spatial visualization"" interaction analysis",Spatial ability: Its influence on learning with visualizations—a meta-analytic review,2010,"TN Höffler - Educational psychology review, 2010 - Springer",511,3,Exclude,,https://link.springer.com/article/10.1007/s10648-010-9126-7,,,,,True,"… studies only which measured spatial visualization and/or … analysis, with the potential danger of comparing “apples and oranges”, to mix up different abilities? While spatial visualization …",Keyword-26Mar14
Google Scholar (SerpAPI),"observational video ""visual analysis"" interaction",Visual analysis of child-adult interactive behaviors in video sequences,2010,"Ye Liu, Xinye Zhang, J. Cui, Chen Wu, H. Aghajan et al. - International Conference on Virtual Systems and MultiMedia",65,3,no,10.1109/VSMM.2010.5665969,https://ieeexplore.ieee.org/abstract/document/5665969/,,,/Users/zezhongwang/Downloads/VIS-Method/papers/Visual_analysis_of_child-adult_interactive_behaviors_in_video_sequences.pdf,downloaded,False,… Finding Dominant Behaviors from Video Sequences Observing the behavior of a child when interacting with adults on playing with toys or in games such as peek-a-boo can offer hints …,Keyword-26Mar14
Google Scholar (SerpAPI),"video ""temporal visualization"" action sequence qualitative",Evaluating event visualization: a usability study of COPLINK spatio-temporal visualizer,2005,"Wingyan Chung, Hsinchun Chen, Luis G. Chaboya, Christopher D. O’Toole, Homa Atabakhsh - International Journal of Human-Computer Studies",61,3,Exclude,10.1016/j.ijhcs.2004.08.005,https://www.sciencedirect.com/science/article/pii/S1071581904001004,,,/Users/zezhongwang/Downloads/VIS-Method/papers/2005 - Evaluating event visualization_ a usability study of COPLINK spatio-temporal visualizer.pdf,downloaded,True,"Event visualization holds the promise of alleviating information overload in human analysis and numerous tools and techniques have been developed and evaluated. However, …",Keyword-26Mar14
Google Scholar (SerpAPI),"video ""temporal visualization"" action sequence qualitative",Eventaction: A visual analytics approach to explainable recommendation for event sequences,2019,"Fan Du, Catherine Plaisant, Neil Spring, Kenyon Crowley, Ben Shneiderman - ACM Transactions on Interactive Intelligent Systems",30,3,Exclude,10.1145/3301402,https://dl.acm.org/doi/abs/10.1145/3301402,,,/Users/zezhongwang/Downloads/VIS-Method/papers/2019 - Eventaction_ A visual analytics approach to explainable recommendation for event sequences.pdf,downloaded,True,"… this movie, our event sequence recommendation approach allows users to … sequence recommendation and discusses ethical issues in dealing with personal histories. A demo video …",Keyword-26Mar14
Google Scholar (SerpAPI),"video ""spatial visualization"" interaction analysis",The effect of spatial ability in learning from static and dynamic visualizations: A moderation analysis in 6-year-old children,2021,"Anis Ben Chikha, Aïmen Khacharem, Khaled Trabelsi, Nicola Luigi Bragazzi - Frontiers in Psychology",24,3,Exclude,10.3389/fpsyg.2021.583968,https://www.frontiersin.org/journals/psychology/articles/10.3389/fpsyg.2021.583968/full,,,/Users/zezhongwang/Downloads/VIS-Method/papers/The_Effect_of_Spatial_Ability_in_Learning_From_Sta.pdf,downloaded,False,"… Spatial visualization ability is a measure of the ability to mentally rotate or fold objects and to imagine the changes in location and form due to this manipulation (eg, Mayer and Sims, …",Keyword-26Mar14
Google Scholar (SerpAPI),"video ""spatial visualization"" interaction analysis",Improving spatial visualization and mental rotation using forspatial through shapes and letters in virtual environment,2022,"Yun Zhou, Tao Xu, Han Yang, Shiqian Li - IEEE Transactions on Learning Technologies",24,3,Exclude,10.1109/tlt.2022.3170928,https://ieeexplore.ieee.org/abstract/document/9765369/,,,/Users/zezhongwang/Downloads/VIS-Method/papers/Improving_Spatial_Visualization_and_Mental_Rotation_Using_FORSpatial_Through_Shapes_and_Letters_in_Virtual_Environment.pdf,downloaded,False,"… D interactive and visualized environment. However, few studies have employed virtual reality (VR) technology to improve spatial visualization … , involving spatial visualization and mental …",Keyword-26Mar14
Google Scholar (SerpAPI),"video ""temporal visualization"" action sequence qualitative",Scalable video visual analytics,2015,"Benjamin Höferlin, Markus Höferlin, G. Heidemann, D. Weiskopf - Information Visualization",24,3,Exclude,10.1177/1473871613488571,https://journals.sagepub.com/doi/abs/10.1177/1473871613488571,,,,,False,… of video footage has to be analyzed to detect a typically small interval of the video sequence … patterns of a single sequence or a set of multiple video sequences (eg common movement …,Keyword-26Mar14
Google Scholar (SerpAPI),"video ""temporal visualization"" action sequence qualitative",VizScribe: A visual analytics approach to understand designer behavior,2017,"Senthil Chandrasegaran, Sriram Karthik Badam, Lorraine Kisselburgh, Kylie Peppler, Niklas Elmqvist et al. - International Journal of Human-Computer Studies",21,3,Include,10.1016/j.ijhcs.2016.12.007,https://www.sciencedirect.com/science/article/pii/S1071581916301756,,,/Users/zezhongwang/Downloads/VIS-Method/papers/2017 - VizScribe_ A visual analytics approach to understand designer behavior.pdf,downloaded,True,"… sequences of observations on their behavior. These observations typically use audio, video, and transcript data in order to … for design protocol data such as video, transcripts, sketches, …",Keyword-26Mar14
Google Scholar (SerpAPI),"""interaction analysis"" video visualization qualitative",Video-Based Learning Analytics for Epistemic Frame Analysis in Semi-Structured Interviews,2022,Petros Karatsareas - Research Methods in Language Attitudes,1,3,Exclude,10.1017/9781108867788.010,,,,,,False,,Keyword-26Mar14
Google Scholar (SerpAPI),"video ""temporal visualization"" action sequence qualitative",Developing a Timeline Visualization for Spatio-temporal Data-Revealing Patterns of Derived Change Rates,2020,RPJ Steijvers - 2020 - studenttheses.uu.nl,0,3,Exclude,,https://studenttheses.uu.nl/handle/20.500.12932/39587,,,/Users/zezhongwang/Downloads/VIS-Method/papers/2020 - Developing a Timeline Visualization for Spatio-temporal Data-Revealing Patterns of Derived Change Rates.pdf,downloaded,True,"… Finally, with quantitative variables, the visual distance between two categories can be … suitable for nominal data, ordered for ordinal data an quantitative for ratio (numerical) data. …",Keyword-26Mar14
Google Scholar (SerpAPI),"video ""spatial visualization"" interaction analysis",Visual Analytics of Spatial Events: Methods for the Interactive Analysis of Spatio-Temporal Data Abstractions,2021,D Seebacher - 2021 - kops.uni-konstanz.de,2,0,Exclude,,https://kops.uni-konstanz.de/entities/publication/05440cfb-4554-491f-8c89-fcc64a428ef7,,,,,False,"… First, we contribute an interactive application that combines automatic predictive analysis and … We enable the user-based interactive steering of automatic analysis methods in order to …",Keyword-26Mar14
Manual Addition,,Multi-touch Interaction Data Analysis System (MIDAS) for 2-D tactile display research,2019,,,,Include,,,,,/Users/zezhongwang/Downloads/VIS-Method/papers/2019 - Multi-touch Interaction Data Analysis System (MIDAS) for 2-D tactile display research.pdf,downloaded,True,,Keyword-26Mar14
Manual Addition,,Follow that Sketch: Lifecycles of Diagrams and,2024,,,,Include,,,,,/Users/zezhongwang/Downloads/VIS-Method/papers/Walny2011VISSOFT.pdf,downloaded,True,,Our paper
Manual Addition,,Territoriality in collaborative tabletop workspaces,2004,"Stacey D. Scott, M. Sheelagh T. Carpendale, Kori Inkpen - Proceedings of the 2004 ACM conference on Computer supported cooperative work",,,Include,10.1145/1031607.1031655,,,,/Users/zezhongwang/Downloads/VIS-Method/papers/1031607.1031655.pdf,downloaded,True,,Our paper
Manual Addition,,Exploring 3D Interaction in Alternate Control-Display Space Mappings,2024,,,,Include,,,,,/Users/zezhongwang/Downloads/VIS-Method/papers/Keijser_2007_E3I.pdf,downloaded,True,,Our paper
Manual Addition,,The Interaction Geography Slicer: Designing Exploratory Spatial Data Visualization Tools for Teachers Reflective Practice,2025,"Ben Rydal Shapiro, Elizabeth C Metts, Edwin Zhao - CHI 25",,,,,,,,/Users/zezhongwang/Downloads/VIS-Method/papers/chi25-416-igs.pdf,downloaded,True,,Our paper
Manual Addition,,"Analysis of Classroom Interaction Using Flander Interaction Analysis Categories System at Federal College of Education (Technical), Omoku, Rivers State",2024,,,,Exclude,,,,,"/Users/zezhongwang/Downloads/VIS-Method/papers/2024 - Analysis of Classroom Interaction Using Flander Interaction Analysis Categories System at Federal College of Education (Technical), Omoku, Rivers State.pdf",downloaded,True,,Keyword-26Mar14
Manual Addition,,Interactive Tables in the Wild: Visitor Experiences with Multi-Touch Tables in the Arctic Exhibit at the Vancouver Aquarium,2011,"Uta Hinrichs, Sheelagh Carpendale - Designing Interactive Systems (DIS 2011)",,,Include,,,,,/Users/zezhongwang/Downloads/VIS-Method/papers/interactiveTablesInTheWild.pdf,downloaded,True,,Our paper
Manual Addition,,On the effects of viewing cues in comprehending distortions,2002,"A. Zanella, M. S. T. Carpendale, M. Rounding - Proceedings of the second Nordic conference on Human-computer interaction",,,Include,10.1145/572020.572035,,,,/Users/zezhongwang/Downloads/VIS-Method/papers/572020.572035.pdf,downloaded,True,,Our paper
Manual Addition,,Video recording as interaction:,2024,,,,Exclude,,,,,/Users/zezhongwang/Downloads/VIS-Method/papers/Videorecordingasinteraction_Sparrman.pdf,downloaded,True,,Keyword-26Mar14
Manual Addition,,Type of Childbirth and its Association with the Maternal-Filial Interaction,2020,,,,Exclude,,,,,/Users/zezhongwang/Downloads/VIS-Method/papers/2020 - Type of Childbirth and its Association with the Maternal-Filial Interaction.pdf,downloaded,True,,Our paper
Manual Addition,,VisTACO: Visualizing Tabletop Collaboration,2010,"Anthony Tang, Michel Pahud, Sheelagh Carpendale, Bill Buxton - Interactive Tabletops and Surfaces (ITS 2010)",,,Include,,,,,/Users/zezhongwang/Downloads/VIS-Method/papers/Tang2010ITS.pdf,downloaded,True,,Our paper
Manual Addition,,Constructing Visual Representations: Investigating the,2024,,,,Include,,,,,/Users/zezhongwang/Downloads/VIS-Method/papers/constructing-visual-representations.pdf,downloaded,True,,Our paper
Manual Addition,,Paper vs. tablets: the effect of document media in co-located collaborative work,2014,"Jonathan Haber, Miguel A. Nacenta, Sheelagh Carpendale - Proceedings of the 2014 International Working Conference on Advanced Visual Interfaces",,,Include,10.1145/2598153.2598170,,,,/Users/zezhongwang/Downloads/VIS-Method/papers/2598153.2598170.pdf,downloaded,True,,Our paper
